name	album	 genre	artists	Likes	Times Played	duration	Comments	year
Testify	The Battle Of Los Angeles	neo mellow	['Rage Against The Machine']	978K	7M	118	210133	1999
Guerrilla Radio	The Battle Of Los Angeles	detroit hip hop	['Rage Against The Machine']	957K	11M	104	206200	1999
Calm Like a Bomb	The Battle Of Los Angeles	dance pop	['Rage Against The Machine']	970K	7M	150	298893	1999
Mic Check	The Battle Of Los Angeles	dance pop	['Rage Against The Machine']	967K	11M	97	213640	1999
Sleep Now In the Fire	The Battle Of Los Angeles	pop	['Rage Against The Machine']	929K	2M	127	205600	1999
Born of a Broken Man	The Battle Of Los Angeles	canadian pop	['Rage Against The Machine']	848K	2M	148	280960	1999
Born As Ghosts	The Battle Of Los Angeles	dance pop	['Rage Against The Machine']	976K	9M	90	202040	1999
Maria	The Battle Of Los Angeles	dance pop	['Rage Against The Machine']	873K	11M	173	228093	1999
Voice of the Voiceless	The Battle Of Los Angeles	hip pop	['Rage Against The Machine']	882K	7M	83	151573	1999
New Millennium Homes	The Battle Of Los Angeles	barbadian pop	['Rage Against The Machine']	861K	9M	93	224933	1999
Ashes In the Fall	The Battle Of Los Angeles	dance pop	['Rage Against The Machine']	704K	7M	141	277267	1999
War Within a Breath	The Battle Of Los Angeles	pop	['Rage Against The Machine']	965K	6M	98	216427	1999
Bombtrack	Rage Against The Machine	dance pop	['Rage Against The Machine']	855K	4M	152	243760	1992
Killing In the Name	Rage Against The Machine	dance pop	['Rage Against The Machine']	779K	7M	87	313667	1992
Take the Power Back	Rage Against The Machine	dance pop	['Rage Against The Machine']	842K	1M	105	335840	1992
Settle for Nothing	Rage Against The Machine	atl hip hop	['Rage Against The Machine']	533K	7M	98	287333	1992
Bullet In the Head	Rage Against The Machine	dance pop	['Rage Against The Machine']	806K	4M	164	307067	1992
Know Your Enemy	Rage Against The Machine	dance pop	['Rage Against The Machine']	765K	4M	118	294693	1992
Wake Up	Rage Against The Machine	dance pop	['Rage Against The Machine']	823K	7M	170	364133	1992
Fistful of Steel	Rage Against The Machine	dance pop	['Rage Against The Machine']	755K	4M	156	331107	1992
Township Rebellion	Rage Against The Machine	dance pop	['Rage Against The Machine']	597K	2M	134	324427	1992
Freedom	Rage Against The Machine	australian pop	['Rage Against The Machine']	613K	7M	114	366267	1992
Man on a Mission	Do It for Love	dance pop	['Daryl Hall & John Oates']	903K	0M	120	224307	2018
Do It for Love	Do It for Love	pop	['Daryl Hall & John Oates']	958K	4M	88	238000	2018
Someday We'll Know	Do It for Love	dance pop	['Daryl Hall & John Oates']	781K	1M	110	268013	2018
Forever for You	Do It for Love	indie pop	['Daryl Hall & John Oates']	567K	9M	97	277813	2018
Life's Too Short	Do It for Love	dance pop	['Daryl Hall & John Oates']	805K	0M	116	209960	2018
Getaway Car	Do It for Love	dance pop	['Daryl Hall & John Oates']	619K	8M	110	229253	2018
Make You Stay	Do It for Love	dance pop	['Daryl Hall & John Oates']	921K	9M	90	221174	2018
Miss DJ	Do It for Love	dance pop	['Daryl Hall & John Oates']	891K	10M	103	229213	2018
She Got Me Bad	Do It for Love	dance pop	['Daryl Hall & John Oates']	744K	10M	170	196280	2018
Breath of Your Life	Do It for Love	dance pop	['Daryl Hall & John Oates']	769K	1M	96	234987	2018
Intuition	Do It for Love	dance pop	['Daryl Hall & John Oates']	550K	7M	126	250693	2018
Heartbreak Time	Do It for Love	dance pop	['Daryl Hall & John Oates']	610K	5M	172	246400	2018
Something About You	Do It for Love	hip pop	['Daryl Hall & John Oates']	552K	10M	98	242907	2018
Love in a Dangerous Time	Do It for Love	dance pop	['Daryl Hall & John Oates']	950K	8M	99	296008	2018
Love The One You're With	Fridays Child	dance pop	['Will Young']	883K	0M	95	215093	2003
Your Game	Fridays Child	australian pop	['Will Young']	632K	11M	93	250000	2003
Stronger	Fridays Child	dance pop	['Will Young']	513K	0M	75	318720	2003
Leave Right Now	Fridays Child	art pop	['Will Young']	445K	6M	82	214733	2003
Love Is A Matter Of Distance	Fridays Child	dance pop	['Will Young']	560K	8M	100	178027	2003
Dance The Night Away	Fridays Child	hip pop	['Will Young']	757K	11M	100	245573	2003
Very Kind	Fridays Child	barbadian pop	['Will Young']	288K	9M	80	310013	2003
Free	Fridays Child	colombian pop	['Will Young']	616K	6M	99	247067	2003
Going My Way	Fridays Child	dance pop	['Will Young']	395K	11M	85	221347	2003
Out Of My Mind	Fridays Child	dance pop	['Will Young']	830K	7M	121	187640	2003
Friday's Child	Fridays Child	dance pop	['Will Young']	689K	6M	164	540933	2003
Listen For The Laugh	Dart To The Heart	atl hip hop	['Bruce Cockburn']	814K	2M	173	247293	1994
All The Ways I Want You	Dart To The Heart	atl hip hop	['Bruce Cockburn']	234K	4M	102	258600	1994
Bone In My Ear	Dart To The Heart	dance pop	['Bruce Cockburn']	365K	9M	173	225867	1994
Burden Of The Angel/Beast	Dart To The Heart	big room	['Bruce Cockburn']	312K	2M	125	390667	1994
Scanning These Crowds	Dart To The Heart	dance pop	['Bruce Cockburn']	611K	2M	118	229533	1994
Southland Of The Heart	Dart To The Heart	british soul	['Bruce Cockburn']	303K	0M	70	289893	1994
Train In The Rain	Dart To The Heart	dance pop	['Bruce Cockburn']	313K	4M	103	223173	1994
Someone I Used To Love	Dart To The Heart	pop	['Bruce Cockburn']	334K	9M	83	214907	1994
Love Loves You Too	Dart To The Heart	british soul	['Bruce Cockburn']	294K	4M	82	253933	1994
Sunrise On The Mississippi	Dart To The Heart	dance pop	['Bruce Cockburn']	307K	0M	143	181133	1994
Closer to the Light	Dart To The Heart	pop	['Bruce Cockburn']	219K	11M	144	250333	1994
Tie Me At The Crossroads	Dart To The Heart	dance pop	['Bruce Cockburn']	742K	9M	170	170507	1994
Amber Waves	Scarlet's Walk	pop	['Tori Amos']	494K	9M	100	219400	2002
A Sorta Fairytale	Scarlet's Walk	dance pop	['Tori Amos']	463K	5M	153	328600	2002
Wednesday	Scarlet's Walk	canadian pop	['Tori Amos']	413K	7M	106	149107	2002
strange	Scarlet's Walk	dance pop	['Tori Amos']	319K	10M	119	185987	2002
Carbon	Scarlet's Walk	chicago rap	['Tori Amos']	584K	8M	158	273333	2002
Crazy	Scarlet's Walk	pop	['Tori Amos']	375K	2M	131	263293	2002
wampum prayer	Scarlet's Walk	dance pop	['Tori Amos']	150K	8M	130	44333	2002
don't make me come to Vegas	Scarlet's Walk	dance pop	['Tori Amos']	432K	7M	97	291560	2002
Sweet Sangria	Scarlet's Walk	dance pop	['Tori Amos']	490K	0M	135	241693	2002
Your Cloud	Scarlet's Walk	australian pop	['Tori Amos']	299K	6M	113	270680	2002
Pancake	Scarlet's Walk	dance pop	['Tori Amos']	550K	2M	134	234827	2002
I Can't See New York	Scarlet's Walk	dance pop	['Tori Amos']	401K	5M	102	434907	2002
mrs. jesus	Scarlet's Walk	dance pop	['Tori Amos']	295K	9M	123	185253	2002
Taxi Ride	Scarlet's Walk	barbadian pop	['Tori Amos']	663K	8M	166	240333	2002
Another Girl's Paradise	Scarlet's Walk	dance pop	['Tori Amos']	415K	0M	123	214613	2002
Scarlet's Walk	Scarlet's Walk	dance pop	['Tori Amos']	392K	3M	82	256853	2002
Virginia	Scarlet's Walk	dance pop	['Tori Amos']	490K	6M	141	235147	2002
Gold Dust	Scarlet's Walk	dance pop	['Tori Amos']	224K	3M	128	356147	2002
Rosaryville	Rosaryville	dance pop	['Kate Campbell']	587K	5M	130	269507	1999
Porcelain Blue	Rosaryville	dance pop	['Kate Campbell']	529K	9M	132	224253	1999
Rosa's Coronas	Rosaryville	dance pop	['Kate Campbell']	319K	1M	124	290173	1999
In My Mother's House	Rosaryville	dance pop	['Kate Campbell']	162K	7M	109	215720	1999
Heart of Hearts	Rosaryville	dance pop	['Kate Campbell']	685K	2M	98	230707	1999
Fade to Blue	Rosaryville	dance pop	['Kate Campbell']	260K	8M	140	183493	1999
Who Will Pray For Junior	Rosaryville	dance pop	['Kate Campbell']	267K	2M	123	236387	1999
Rosemary	Rosaryville	dance pop	['Kate Campbell']	126K	7M	122	176907	1999
Look Away	Rosaryville	barbadian pop	['Kate Campbell']	133K	9M	132	327640	1999
Ave Maria Grotto	Rosaryville	dance pop	['Kate Campbell']	306K	10M	113	302547	1999
Hollywood	New Life Faded	dance pop	['Death & Desire']	141K	6M	126	68651	2011
Tired of Waiting	New Life Faded	dance pop	['Death & Desire']	835K	8M	156	240523	2011
America	New Life Faded	dance pop	['Death & Desire']	747K	2M	85	192256	2011
Desperate	New Life Faded	dance pop	['Death & Desire']	656K	6M	156	302336	2011
All I See	New Life Faded	barbadian pop	['Death & Desire']	895K	8M	162	167403	2011
Give	New Life Faded	barbadian pop	['Death & Desire']	916K	8M	172	201216	2011
Pain	New Life Faded	dance pop	['Death & Desire']	603K	8M	84	344149	2011
Check	Waste Of Mind	dance pop	['zebrahead']	949K	0M	134	145733	1998
Get Back	Waste Of Mind	atl hip hop	['zebrahead']	907K	9M	127	211760	1998
The Real Me	Waste Of Mind	acoustic pop	['zebrahead']	894K	7M	133	237467	1998
Someday	Waste Of Mind	dance pop	['zebrahead']	969K	9M	114	181600	1998
Waste of Mind	Waste Of Mind	dance pop	['zebrahead']	911K	9M	120	212400	1998
Feel This Way	Waste Of Mind	dance pop	['zebrahead']	947K	9M	111	224227	1998
Walk Away	Waste Of Mind	dance pop	['zebrahead']	950K	9M	124	202467	1998
Big Shot	Waste Of Mind	dance pop	['zebrahead']	960K	7M	129	179600	1998
Swing	Waste Of Mind	dance pop	['zebrahead']	917K	11M	121	170293	1998
Jag Off	Waste Of Mind	dance pop	['zebrahead']	896K	6M	101	205133	1998
Time	Waste Of Mind	dance pop	['zebrahead']	975K	11M	150	190333	1998
Move On	Waste Of Mind	pop	['zebrahead']	903K	7M	88	248133	1998
Fly Daze	Waste Of Mind	permanent wave	['zebrahead']	624K	2M	115	273427	1998
Bootylicious Vinyl	Waste Of Mind	pop	['zebrahead']	895K	11M	108	206360	1998
Swing (Radio Edit)	Swing Set	boy band	['Ani DiFranco']	596K	10M	92	237187	2000
Swing (Album Version)	Swing Set	pop	['Ani DiFranco']	693K	10M	92	373067	2000
To The Teeth (Shootout Remix)	Swing Set	canadian pop	['Ani DiFranco']	390K	11M	160	372293	2000
Do Re Me (Live)	Swing Set	dance pop	['Ani DiFranco']	404K	0M	81	192733	2000
When I'm Gone	Swing Set	british soul	['Ani DiFranco']	176K	8M	105	260880	2000
Hurricane	Swing Set	pop	['Ani DiFranco']	455K	4M	138	433053	2000
To the Teeth	To The Teeth	dance pop	['Ani DiFranco']	226K	2M	112	462600	1999
Soft Shoulder	To The Teeth	dance pop	['Ani DiFranco']	289K	9M	116	364733	1999
Wish I May	To The Teeth	dance pop	['Ani DiFranco']	472K	11M	120	293027	1999
Freakshow	To The Teeth	pop	['Ani DiFranco']	533K	9M	100	342467	1999
Going Once	To The Teeth	pop	['Ani DiFranco']	444K	0M	140	333000	1999
Hello Birmingham	To The Teeth	boy band	['Ani DiFranco']	205K	7M	82	323307	1999
Back Back Back	To The Teeth	canadian pop	['Ani DiFranco']	495K	0M	75	286600	1999
Swing	To The Teeth	dance pop	['Ani DiFranco']	679K	5M	92	370027	1999
Carry You Around	To The Teeth	baroque pop	['Ani DiFranco']	473K	8M	92	204000	1999
Cloud Blood	To The Teeth	canadian pop	['Ani DiFranco']	415K	5M	129	291107	1999
The Arrivals Gate	To The Teeth	dance pop	['Ani DiFranco']	734K	2M	124	275067	1999
Providence	To The Teeth	australian pop	['Ani DiFranco']	276K	4M	137	438133	1999
I Know This Bar	To The Teeth	barbadian pop	['Ani DiFranco']	164K	4M	101	331600	1999
Untouchable Face	Dilate	dance pop	['Ani DiFranco']	335K	7M	112	279067	1996
"Outta Me, Onto You"	Dilate	dance pop	['Ani DiFranco']	751K	7M	182	277372	1996
Superhero	Dilate	dance pop	['Ani DiFranco']	557K	0M	126	285662	1996
Dilate	Dilate	dance pop	['Ani DiFranco']	417K	2M	49	290345	1996
Amazing Grace	Dilate	dance pop	['Ani DiFranco']	453K	2M	82	431081	1996
Napoleon	Dilate	baroque pop	['Ani DiFranco']	370K	0M	81	387814	1996
Shameless	Dilate	barbadian pop	['Ani DiFranco']	594K	2M	118	292465	1996
Done Wrong	Dilate	dance pop	['Ani DiFranco']	339K	7M	120	394478	1996
Going Down	Dilate	barbadian pop	['Ani DiFranco']	473K	10M	77	290858	1996
Adam and Eve	Dilate	dance pop	['Ani DiFranco']	79K	2M	98	400135	1996
Joyful Girl	Dilate	pop	['Ani DiFranco']	220K	7M	104	308686	1996
Joyful Girl (Danger and Uncertainty Mix)	More Joy Less Shame	dance pop	['Ani DiFranco']	288K	5M	80	279000	1996
Joyful Girl (Peace and Love Mix)	More Joy Less Shame	dance pop	['Ani DiFranco']	275K	8M	80	279800	1996
Joyful Girl (Peace and Love Extended Mix)	More Joy Less Shame	big room	['Ani DiFranco']	278K	8M	80	386000	1996
Joyful Girl (Live with the Buffalo Philharmonic Orchestra)	More Joy Less Shame	boy band	['Ani DiFranco']	204K	10M	88	363827	1996
Shameless (Bathtub Mix)	More Joy Less Shame	dance pop	['Ani DiFranco']	525K	4M	108	292507	1996
"Both Hands (Live in Austin, Texas)"	More Joy Less Shame	celtic rock	['Ani DiFranco']	359K	7M	150	185293	1996
Buildings and Bridges	Out Of Range	dance pop	['Ani DiFranco']	462K	10M	95	245333	1994
Out of Range (Acoustic)	Out Of Range	dance pop	['Ani DiFranco']	427K	2M	138	226333	1994
Letter to a John	Out Of Range	big room	['Ani DiFranco']	425K	9M	163	228000	1994
Hell Yeah	Out Of Range	electro	['Ani DiFranco']	239K	0M	127	301507	1994
How Have You Been	Out Of Range	dance pop	['Ani DiFranco']	724K	5M	136	269093	1994
Overlap	Out Of Range	pop	['Ani DiFranco']	114K	11M	83	224907	1994
Face Up and Sing	Out Of Range	dance pop	['Ani DiFranco']	609K	9M	137	173493	1994
Falling Is Like This	Out Of Range	dance pop	['Ani DiFranco']	204K	7M	119	181173	1994
Out of Range (Electric)	Out Of Range	pop	['Ani DiFranco']	787K	0M	139	205827	1994
You Had Time	Out Of Range	dance pop	['Ani DiFranco']	70K	6M	86	349000	1994
If He Tries Anything	Out Of Range	complextro	['Ani DiFranco']	232K	5M	115	195000	1994
The Diner	Out Of Range	art pop	['Ani DiFranco']	661K	4M	170	279307	1994
What If No One's Watching	Imperfectly	dance pop	['Ani DiFranco']	676K	5M	145	193773	1992
Fixing Her Hair	Imperfectly	indie pop	['Ani DiFranco']	166K	7M	107	285227	1992
In or Out	Imperfectly	canadian hip hop	['Ani DiFranco']	629K	7M	140	186840	1992
Every State Line	Imperfectly	boy band	['Ani DiFranco']	176K	1M	97	187093	1992
Circle of Light	Imperfectly	boy band	['Ani DiFranco']	580K	11M	132	151307	1992
If It Isn't Her	Imperfectly	dance pop	['Ani DiFranco']	484K	0M	120	237827	1992
"Good, Bad, Ugly"	Imperfectly	electro	['Ani DiFranco']	368K	8M	66	181800	1992
I'm No Heroine	Imperfectly	dance pop	['Ani DiFranco']	344K	2M	149	200173	1992
Coming Up	Imperfectly	acoustic pop	['Ani DiFranco']	153K	9M	117	107960	1992
Make Them Apologize	Imperfectly	dance pop	['Ani DiFranco']	641K	10M	137	259507	1992
The Waiting Song	Imperfectly	dance pop	['Ani DiFranco']	124K	5M	105	253400	1992
Served Faithfully	Imperfectly	pop	['Ani DiFranco']	316K	2M	136	173427	1992
Imperfectly	Imperfectly	dance pop	['Ani DiFranco']	413K	8M	94	225440	1992
Above Me	"Perhaps, I Suppose"	dance pop	['Rufio']	948K	5M	119	191840	2001
Still	"Perhaps, I Suppose"	dance pop	['Rufio']	980K	9M	121	184813	2001
One Slowdance	"Perhaps, I Suppose"	dance pop	['Rufio']	757K	11M	141	254987	2001
In My Eyes	"Perhaps, I Suppose"	dance pop	['Rufio']	968K	7M	130	179960	2001
She Cries	"Perhaps, I Suppose"	dance pop	['Rufio']	916K	9M	89	234920	2001
Dipshit	"Perhaps, I Suppose"	candy pop	['Rufio']	921K	2M	118	174013	2001
Just A Memory	"Perhaps, I Suppose"	dance pop	['Rufio']	943K	6M	138	153733	2001
Face The Truth	"Perhaps, I Suppose"	pop	['Rufio']	839K	4M	88	192547	2001
Raining in September	"Perhaps, I Suppose"	pop	['Rufio']	892K	9M	109	36653	2001
Road to Recovery	"Perhaps, I Suppose"	dance pop	['Rufio']	954K	0M	126	213760	2001
Stop Whining	"Perhaps, I Suppose"	dance pop	['Rufio']	946K	0M	119	159707	2001
Selfishness	"Perhaps, I Suppose"	boy band	['Rufio']	935K	6M	117	206053	2001
Tears	"Perhaps, I Suppose"	canadian pop	['Rufio']	818K	7M	110	183427	2001
Save The World	"Perhaps, I Suppose"	canadian pop	['Rufio']	959K	1M	119	211173	2001
The Wrath	"Perhaps, I Suppose"	dance pop	['Rufio']	813K	7M	112	109653	2001
Dance On Your Knees	Big Bam Boom	dance pop	['Daryl Hall & John Oates']	814K	9M	117	86773	1984
Out of Touch - Video Mix	Big Bam Boom	dance pop	['Daryl Hall & John Oates']	732K	9M	115	261933	1984
Method of Modern Love	Big Bam Boom	dance pop	['Daryl Hall & John Oates']	630K	5M	94	333680	1984
Bank On Your Love	Big Bam Boom	hip pop	['Daryl Hall & John Oates']	918K	0M	112	257200	1984
Some Things Are Better Left Unsaid	Big Bam Boom	dance pop	['Daryl Hall & John Oates']	671K	2M	119	326213	1984
Going Thru the Motions	Big Bam Boom	dance pop	['Daryl Hall & John Oates']	713K	4M	94	339480	1984
Cold Dark and Yesterday	Big Bam Boom	dance pop	['Daryl Hall & John Oates']	759K	9M	122	279440	1984
All American Girl	Big Bam Boom	boy band	['Daryl Hall & John Oates']	863K	3M	97	268360	1984
Possession Obsession	Big Bam Boom	permanent wave	['Daryl Hall & John Oates']	532K	7M	115	275960	1984
I Love You	The Jesus Experience	dance pop	['Bride']	942K	1M	139	176960	1997
The Worm	The Jesus Experience	dance pop	['Bride']	709K	8M	121	271733	1997
End	The Jesus Experience	dance pop	['Bride']	822K	8M	166	256120	1997
I Live For You	The Jesus Experience	dance pop	['Bride']	843K	10M	91	200133	1997
Follow Me	The Jesus Experience	dance pop	['Bride']	749K	8M	81	241747	1997
Tell Me	The Jesus Experience	boy band	['Bride']	975K	1M	132	172813	1997
Love Hate	The Jesus Experience	dance pop	['Bride']	954K	10M	202	211880	1997
Human Race	The Jesus Experience	dance pop	['Bride']	789K	3M	123	238147	1997
I Hear A Word	The Jesus Experience	dance pop	['Bride']	897K	0M	151	230027	1997
Cosmic Christ	The Jesus Experience	dance pop	['Bride']	821K	11M	176	209653	1997
The World I Know	The Jesus Experience	dance pop	['Bride']	765K	8M	84	279080	1997
Floating Back	Live Under the Red Moon	dance pop	['The Call']	880K	9M	123	257411	2000
A Swim in the Ocean	Live Under the Red Moon	barbadian pop	['The Call']	744K	2M	168	447948	2000
This Is Your Life	Live Under the Red Moon	dance pop	['The Call']	847K	9M	161	242704	2000
I Don't Wanna	Live Under the Red Moon	alaska indie	['The Call']	862K	9M	139	319827	2000
You Run	Live Under the Red Moon	dance pop	['The Call']	936K	7M	169	452702	2000
Family	Live Under the Red Moon	atl hip hop	['The Call']	518K	2M	115	256601	2000
Same Old Story	Live Under the Red Moon	neo mellow	['The Call']	939K	7M	134	232673	2000
Even Now	Live Under the Red Moon	pop	['The Call']	753K	5M	149	301453	2000
Red Moon	Live Under the Red Moon	dance pop	['The Call']	377K	5M	111	195762	2000
Oklahoma	Live Under the Red Moon	dance pop	['The Call']	736K	9M	141	329509	2000
You Were There	Live Under the Red Moon	pop	['The Call']	811K	9M	148	269192	2000
I Still Believe (Great Design)	Live Under the Red Moon	pop	['The Call']	836K	1M	107	330919	2000
Let the Day Begin	Live Under the Red Moon	dance pop	['The Call']	867K	2M	124	265744	2000
Blow It All Away	This Is It	big room	['Bride']	871K	1M	91	269107	2003
To the Sky	This Is It	pop	['Bride']	842K	8M	172	252200	2003
More Than Human	This Is It	pop	['Bride']	826K	8M	90	233107	2003
Drop D	This Is It	folk-pop	['Bride']	773K	6M	84	214760	2003
Head Looking for a Bullet	This Is It	dance pop	['Bride']	859K	1M	140	246333	2003
Best Expect to Do	This Is It	metropopolis	['Bride']	853K	1M	175	202893	2003
Evil Geniuses	This Is It	art pop	['Bride']	931K	8M	192	278387	2003
Revolution	This Is It	pop	['Bride']	834K	5M	89	286360	2003
Barren River Blues	This Is It	house	['Bride']	242K	5M	96	101560	2003
Microphone	This Is It	dance pop	['Bride']	881K	6M	91	279533	2003
Short Time In the Grave	This Is It	pop	['Bride']	695K	6M	121	226613	2003
Universe	This Is It	dance pop	['Bride']	757K	1M	121	297453	2003
White Elephant	This Is It	boy band	['Bride']	457K	6M	105	262213	2003
Platinum Girl - Intro	Nodesha	australian hip hop	['Nodesha']	581K	10M	108	47853	2003
Get It While It's Hot	Nodesha	dance pop	['Nodesha']	767K	8M	107	230720	2003
That's Crazy	Nodesha	pop	['Nodesha']	828K	0M	94	239907	2003
Sugar Buddy	Nodesha	dance pop	['Nodesha']	569K	4M	84	250960	2003
Got Into My Head & Stole My Heart	Nodesha	pop	['Nodesha']	351K	0M	207	259720	2003
Kinda Guy I Like	Nodesha	dance pop	['Nodesha']	668K	6M	91	267400	2003
Get It While It's Hot - AB Experience/Flyte Tyme Productions Remix	Nodesha	dance pop	"['Nodesha', 'Bobby Ross Avila', 'IZ']"	765K	10M	105	259013	2003
Will He Ever Love Me Back	Nodesha	dance pop	['Nodesha']	630K	4M	130	245547	2003
Almost There	Nodesha	dance pop	['Nodesha']	445K	1M	124	287560	2003
Curious	Nodesha	dance pop	['Nodesha']	601K	2M	92	201280	2003
Cupid In Me	Nodesha	electropop	['Nodesha']	447K	1M	93	251533	2003
Thank You	Nodesha	dance pop	['Nodesha']	608K	5M	152	64600	2003
So Good	Nodesha	dance pop	['Nodesha']	550K	0M	100	220440	2003
Miss Perfect (feat. Nodesha)	Nodesha	dance pop	"['ABS', 'Nodesha', 'Tom Elmhirst']"	781K	2M	127	220040	2003
Downtown Life	Ooh Yeah!	complextro	['Daryl Hall & John Oates']	892K	4M	110	268467	1988
Everything Your Heart Desires	Ooh Yeah!	dance pop	['Daryl Hall & John Oates']	861K	10M	100	300467	1988
I'm In Pieces	Ooh Yeah!	neo mellow	['Daryl Hall & John Oates']	824K	5M	87	290467	1988
Missed Opportunity	Ooh Yeah!	colombian pop	['Daryl Hall & John Oates']	815K	0M	106	287600	1988
Talking All Night	Ooh Yeah!	dance pop	['Daryl Hall & John Oates']	787K	1M	121	274400	1988
Rockability	Ooh Yeah!	neo mellow	['Daryl Hall & John Oates']	926K	4M	111	285493	1988
Rocket To God	Ooh Yeah!	permanent wave	['Daryl Hall & John Oates']	631K	0M	94	349333	1988
Soul Love	Ooh Yeah!	dance pop	['Daryl Hall & John Oates']	618K	5M	172	265133	1988
Realove	Ooh Yeah!	australian dance	['Daryl Hall & John Oates']	907K	0M	125	324733	1988
Keep On Pushin' Love	Ooh Yeah!	dance pop	['Daryl Hall & John Oates']	705K	7M	156	318867	1988
Swear It Again - Radio Edit	Westlife	dance pop	['Westlife']	532K	9M	130	247933	1999
If I Let You Go - Radio Edit	Westlife	neo mellow	['Westlife']	697K	0M	182	221533	1999
Flying Without Wings	Westlife	dance pop	['Westlife']	493K	8M	73	215307	1999
Fool Again	Westlife	dance pop	['Westlife']	526K	4M	76	235067	1999
No No	Westlife	candy pop	['Westlife']	791K	10M	105	194093	1999
I Don't Wanna Fight	Westlife	colombian pop	['Westlife']	479K	10M	122	303440	1999
Change the World	Westlife	neo mellow	['Westlife']	726K	9M	96	189333	1999
Moments	Westlife	neo mellow	['Westlife']	371K	4M	134	256760	1999
Seasons in the Sun	Westlife	dance pop	['Westlife']	558K	6M	88	249267	1999
I Need You	Westlife	dance pop	['Westlife']	717K	0M	96	228640	1999
Miss You	Westlife	hollywood	['Westlife']	627K	2M	78	232893	1999
More than Words	Westlife	hip pop	['Westlife']	295K	6M	94	234067	1999
Open Your Heart	Westlife	dance pop	['Westlife']	777K	1M	103	219440	1999
Try Again	Westlife	dance pop	['Westlife']	613K	5M	82	215333	1999
What I Want Is What I Got	Westlife	pop	['Westlife']	751K	9M	92	212027	1999
We Are One	Westlife	pop	['Westlife']	528K	8M	118	224400	1999
Can't Lose What You Never Had	Westlife	canadian contemporary r&b	['Westlife']	647K	2M	204	261173	1999
Mandy	Turnaround	canadian pop	['Westlife']	636K	5M	106	199320	2003
Hey Whatever	Turnaround	dance pop	['Westlife']	873K	4M	77	209053	2003
Heal	Turnaround	irish singer-songwriter	['Westlife']	634K	6M	113	187720	2003
Obvious	Turnaround	pop	['Westlife']	667K	4M	82	210160	2003
When a Woman Loves a Man	Turnaround	canadian pop	['Westlife']	500K	5M	142	217787	2003
On My Shoulder	Turnaround	barbadian pop	['Westlife']	680K	10M	137	237200	2003
Turn Around	Turnaround	dance pop	['Westlife']	839K	7M	117	261627	2003
I Did It for You	Turnaround	canadian contemporary r&b	['Westlife']	564K	11M	120	211253	2003
Thank You	Turnaround	canadian pop	['Westlife']	864K	1M	103	242987	2003
To Be with You	Turnaround	canadian pop	['Westlife']	675K	2M	167	200533	2003
Home	Turnaround	dance pop	['Westlife']	639K	2M	150	245360	2003
Lost in You	Turnaround	dance pop	['Westlife']	410K	5M	180	216720	2003
What Do They Know?	Turnaround	tropical house	['Westlife']	237K	7M	81	197987	2003
Lovespeak	Ampendectomy	boy band	['Resurrection Band']	695K	10M	116	239493	1997
Broken Promises	Ampendectomy	dance pop	['Resurrection Band']	436K	1M	108	418867	1997
Souls For Hire	Ampendectomy	dance pop	['Resurrection Band']	596K	6M	90	238267	1997
The House Is On Fire	Ampendectomy	dance pop	['Resurrection Band']	569K	8M	116	216067	1997
I Need Your Love	Ampendectomy	pop	['Resurrection Band']	460K	8M	108	240533	1997
Rain Dance	Ampendectomy	dance pop	['Resurrection Band']	674K	3M	103	273773	1997
Shadows	Ampendectomy	dance pop	['Resurrection Band']	503K	6M	96	409867	1997
So In Love With You	Ampendectomy	dance pop	['Resurrection Band']	580K	8M	127	346667	1997
Colours	Ampendectomy	pop	['Resurrection Band']	527K	8M	109	245493	1997
Irish Garden	Ampendectomy	australian dance	['Resurrection Band']	191K	8M	83	235640	1997
Right On Time	Ampendectomy	dance pop	['Resurrection Band']	666K	3M	123	346960	1997
Across These Fields Reprise	Ampendectomy	british soul	['Resurrection Band']	265K	6M	118	206867	1997
2000	Ampendectomy	dance pop	['Resurrection Band']	627K	3M	120	321467	1997
Lincoln's Train	Ampendectomy	dance pop	['Resurrection Band']	477K	1M	124	291373	1997
Can't Stop Loving You	Ampendectomy	dance pop	['Resurrection Band']	596K	5M	144	210227	1997
Highwayman	Highwayman	dance pop	"['The Highwaymen', 'Willie Nelson', 'Johnny Cash', 'Waylon Jennings', 'Kris Kristofferson']"	351K	2M	101	182653	1985
The Last Cowboy Song	Highwayman	dance pop	"['The Highwaymen', 'Willie Nelson', 'Johnny Cash', 'Waylon Jennings', 'Kris Kristofferson']"	176K	2M	126	190560	1985
"Jim, I Wore a Tie Today"	Highwayman	canadian pop	"['The Highwaymen', 'Willie Nelson', 'Johnny Cash', 'Waylon Jennings', 'Kris Kristofferson']"	223K	0M	74	201480	1985
Big River	Highwayman	pop	"['The Highwaymen', 'Willie Nelson', 'Johnny Cash', 'Waylon Jennings', 'Kris Kristofferson']"	593K	11M	197	167213	1985
Committed to Parkview	Highwayman	dance pop	"['The Highwaymen', 'Willie Nelson', 'Johnny Cash', 'Waylon Jennings', 'Kris Kristofferson']"	160K	9M	72	200067	1985
Desperados Waiting for a Train	Highwayman	dance pop	"['The Highwaymen', 'Willie Nelson', 'Johnny Cash', 'Waylon Jennings', 'Kris Kristofferson']"	200K	2M	147	276613	1985
Deportee (Plane Wreck at Los Gatos)	Highwayman	dance pop	"['The Highwaymen', 'Willie Nelson', 'Johnny Cash', 'Waylon Jennings', 'Kris Kristofferson']"	181K	0M	154	225947	1985
Welfare Line	Highwayman	british soul	"['The Highwaymen', 'Willie Nelson', 'Johnny Cash', 'Waylon Jennings', 'Kris Kristofferson']"	390K	2M	81	154520	1985
Against the Wind	Highwayman	dance pop	"['The Highwaymen', 'Willie Nelson', 'Johnny Cash', 'Waylon Jennings', 'Kris Kristofferson']"	424K	4M	111	228160	1985
The Twentieth Century Is Almost Over	Highwayman	dance pop	"['The Highwaymen', 'Willie Nelson', 'Johnny Cash', 'Waylon Jennings', 'Kris Kristofferson']"	349K	4M	136	215240	1985
So Young	The Complete Stone Roses	dance pop	['The Stone Roses']	738K	8M	141	201267	1995
Tell Me	The Complete Stone Roses	tropical house	['The Stone Roses']	670K	6M	144	230200	1995
Sally Cinnamon	The Complete Stone Roses	dance pop	['The Stone Roses']	596K	7M	130	170707	1995
Here It Comes	The Complete Stone Roses	complextro	['The Stone Roses']	834K	2M	142	161067	1995
All Across the Sands	The Complete Stone Roses	dance pop	['The Stone Roses']	665K	3M	129	162467	1995
Elephant Stone	The Complete Stone Roses	canadian pop	['The Stone Roses']	938K	8M	132	183133	1995
Full Fathom Five	The Complete Stone Roses	canadian contemporary r&b	['The Stone Roses']	864K	8M	132	199573	1995
The Hardest Thing In the World	The Complete Stone Roses	dance pop	['The Stone Roses']	895K	9M	140	161533	1995
Made of Stone	The Complete Stone Roses	dance pop	['The Stone Roses']	724K	7M	132	253800	1995
Going Down	The Complete Stone Roses	dance pop	['The Stone Roses']	593K	2M	122	166240	1995
She Bangs the Drums	The Complete Stone Roses	canadian pop	['The Stone Roses']	899K	9M	145	222573	1995
Mersey Paradise	The Complete Stone Roses	canadian pop	['The Stone Roses']	856K	7M	136	164800	1995
Standing Here	The Complete Stone Roses	dance pop	['The Stone Roses']	594K	9M	100	307267	1995
I Wanna Be Adored	The Complete Stone Roses	pop	['The Stone Roses']	857K	4M	113	209093	1995
Waterfall	The Complete Stone Roses	dance pop	['The Stone Roses']	532K	11M	103	217200	1995
I Am the Resurrection	The Complete Stone Roses	dance pop	['The Stone Roses']	814K	11M	132	222360	1995
Where Angels Play	The Complete Stone Roses	dance pop	['The Stone Roses']	437K	7M	124	252400	1995
Fools Gold	The Complete Stone Roses	dance pop	['The Stone Roses']	694K	7M	113	256133	1995
What the World Is Waiting For	The Complete Stone Roses	big room	['The Stone Roses']	699K	4M	111	229533	1995
Something Burning	The Complete Stone Roses	dance pop	['The Stone Roses']	581K	7M	119	217640	1995
One Love	The Complete Stone Roses	canadian pop	['The Stone Roses']	783K	9M	118	216107	1995
ヒメサマスピリッツ	Himesama Spirits	canadian pop	['Mahousyoujoninaritai']	985K	1M	157	260947	2017
ラムのラブソング	Himesama Spirits	dance pop	['Mahousyoujoninaritai']	978K	8M	190	170053	2017
sayonara fantasy	Himesama Spirits	barbadian pop	['Mahousyoujoninaritai']	969K	6M	136	257413	2017
Johnny B. Goode - Live	Johnny Winter: A Rock N' Roll Collection	australian pop	['Johnny Winter']	777K	6M	159	203407	1973
Good Morning Little School Girl - Live	Johnny Winter: A Rock N' Roll Collection	belgian edm	['Johnny Winter']	941K	6M	188	276968	1973
I'll Drown in My Tears	Johnny Winter: A Rock N' Roll Collection	australian dance	['Johnny Winter']	227K	0M	96	285360	1973
When You Got A Good Friend	Johnny Winter: A Rock N' Roll Collection	dance pop	['Johnny Winter']	371K	0M	146	218453	1973
Be Careful with a Fool	Johnny Winter: A Rock N' Roll Collection	canadian pop	['Johnny Winter']	583K	7M	207	315133	1973
Miss Ann	Johnny Winter: A Rock N' Roll Collection	french indie pop	['Johnny Winter']	417K	7M	108	219382	1973
Hustled Down in Texas	Johnny Winter: A Rock N' Roll Collection	hip hop	['Johnny Winter']	678K	1M	133	210600	1973
"Rock and Roll, Hoochie Koo"	Johnny Winter: A Rock N' Roll Collection	big room	['Johnny Winter']	657K	9M	95	211023	1973
Rock Me Baby	Johnny Winter: A Rock N' Roll Collection	dance pop	['Johnny Winter']	706K	4M	190	229135	1973
Rock & Roll	Johnny Winter: A Rock N' Roll Collection	boy band	['Johnny Winter']	706K	7M	142	284723	1973
Sitting In The Jailhouse	Johnny Winter: A Rock N' Roll Collection	dance pop	['Johnny Winter']	861K	5M	136	198809	1973
Baby Watcha Want Me To Do - Live	Johnny Winter: A Rock N' Roll Collection	dance pop	['Johnny Winter']	804K	2M	109	671707	1973
Bony Moronie - Live	Johnny Winter: A Rock N' Roll Collection	pop	['Johnny Winter']	968K	2M	161	407464	1973
It's All Over Now	Johnny Winter: A Rock N' Roll Collection	dance pop	['Johnny Winter']	947K	2M	107	376535	1973
TV Mama	Johnny Winter: A Rock N' Roll Collection	dance pop	['Johnny Winter']	580K	6M	105	189336	1973
Drinkin' Blues	Johnny Winter: A Rock N' Roll Collection	dance pop	['Johnny Winter']	878K	11M	199	220497	1973
Walkin' Thru the Park	Johnny Winter: A Rock N' Roll Collection	boy band	['Johnny Winter']	810K	7M	143	247227	1973
I'm Not Sure	Johnny Winter: A Rock N' Roll Collection	dance pop	['Johnny Winter']	630K	3M	171	319135	1973
Guess I'll Go Away	Johnny Winter: A Rock N' Roll Collection	hip pop	['Johnny Winter']	802K	2M	189	205915	1973
Thirty Days - Previously Unreleased	Johnny Winter: A Rock N' Roll Collection	art pop	['Johnny Winter']	843K	0M	108	178190	1973
Come on in My Kitchen	Johnny Winter: A Rock N' Roll Collection	dance pop	['Johnny Winter']	340K	5M	149	303533	1973
Highway 61 Revisited - Live	Johnny Winter: A Rock N' Roll Collection	dance pop	['Johnny Winter']	994K	2M	168	645793	1973
Nest	We Apologise For Any Inconvenience	dance pop	['Zorras']	128K	4M	125	275893	2010
In the Details 1	We Apologise For Any Inconvenience	dance pop	['Zorras']	137K	2M	135	73187	2010
If	We Apologise For Any Inconvenience	dance pop	['Zorras']	583K	3M	100	199120	2010
Here's To Wang	We Apologise For Any Inconvenience	dance pop	['Zorras']	76K	0M	151	264707	2010
In the Details 2	We Apologise For Any Inconvenience	dance pop	['Zorras']	127K	7M	134	41400	2010
El Pilon/Alla	We Apologise For Any Inconvenience	dance pop	['Zorras']	120K	5M	53	207893	2010
After Going Out	We Apologise For Any Inconvenience	dance pop	['Zorras']	390K	1M	154	106480	2010
In the Details 3	We Apologise For Any Inconvenience	dance pop	['Zorras']	120K	7M	133	57240	2010
Flow/Growing Older	We Apologise For Any Inconvenience	canadian contemporary r&b	['Zorras']	114K	7M	78	210187	2010
In the Details 4 & 5	We Apologise For Any Inconvenience	canadian pop	['Zorras']	101K	1M	134	37773	2010
After the Phone Call	We Apologise For Any Inconvenience	dance pop	['Zorras']	468K	10M	132	106867	2010
Head Games	We Apologise For Any Inconvenience	electropop	['Zorras']	185K	4M	152	224333	2010
Rock Me Baby	Still Alive And Well	big room	['Johnny Winter']	744K	7M	95	229093	1973
Can't You Feel It	Still Alive And Well	dance pop	['Johnny Winter']	806K	9M	135	181200	1973
Cheap Tequila	Still Alive And Well	dance pop	['Johnny Winter']	688K	2M	133	244867	1973
All Tore Down	Still Alive And Well	dance pop	['Johnny Winter']	761K	9M	121	270707	1973
Rock & Roll	Still Alive And Well	barbadian pop	['Johnny Winter']	745K	7M	143	283907	1973
Silver Train	Still Alive And Well	danish pop	['Johnny Winter']	950K	7M	143	214560	1973
Ain't Nothing To Me	Still Alive And Well	dance pop	['Johnny Winter']	448K	7M	123	185573	1973
Still Alive and Well	Still Alive And Well	dance pop	['Johnny Winter']	865K	4M	184	223827	1973
Too Much Seconal	Still Alive And Well	canadian contemporary r&b	['Johnny Winter']	543K	0M	108	262000	1973
Let It Bleed	Still Alive And Well	dance pop	['Johnny Winter']	823K	4M	121	249573	1973
Lucillie	Still Alive And Well	barbadian pop	['Johnny Winter']	865K	5M	127	165333	1973
From A Buick Six	Still Alive And Well	canadian pop	['Johnny Winter']	752K	9M	199	158507	1973
A Matter Of Minutes	Whole New You	hip hop	['Shawn Colvin']	447K	8M	81	306693	2001
Whole New You	Whole New You	dance pop	['Shawn Colvin']	781K	5M	106	240600	2001
Nothing Like You	Whole New You	dance pop	['Shawn Colvin']	422K	0M	148	192067	2001
Anywhere You Go	Whole New You	dance pop	['Shawn Colvin']	644K	5M	188	212760	2001
Bonefields	Whole New You	dance pop	['Shawn Colvin']	458K	1M	82	268133	2001
Another Plane Went Down	Whole New You	electropop	['Shawn Colvin']	518K	11M	98	334640	2001
Bound To You	Whole New You	dance pop	['Shawn Colvin']	814K	6M	122	212467	2001
Roger Wilco	Whole New You	canadian hip hop	['Shawn Colvin']	462K	4M	88	235040	2001
Mr. Levon	Whole New You	electropop	['Shawn Colvin']	344K	11M	80	248133	2001
One Small Year	Whole New You	dance pop	['Shawn Colvin']	334K	7M	92	246467	2001
I'll Say I'm Sorry Now	Whole New You	dance pop	['Shawn Colvin']	71K	0M	107	141467	2001
Rooftop	Small Planes	dance pop	['The Innocence Mission']	303K	0M	172	117027	2001
Too Early to Say	Small Planes	dance pop	['The Innocence Mission']	632K	5M	133	200600	2001
Migration	Small Planes	dance pop	['The Innocence Mission']	229K	0M	114	254587	2001
Today	Small Planes	dance pop	['The Innocence Mission']	418K	10M	115	220467	2001
The Girl on My Left	Small Planes	electropop	['The Innocence Mission']	265K	4M	100	141640	2001
Song About Traveling	Small Planes	dance pop	['The Innocence Mission']	288K	5M	128	224653	2001
Oh Do Not Fly Away	Small Planes	canadian pop	['The Innocence Mission']	244K	6M	106	168800	2001
I Left the Grounds	Small Planes	dance pop	['The Innocence Mission']	149K	6M	77	75787	2001
Some Clear Joy Is Coming	Small Planes	british soul	['The Innocence Mission']	279K	6M	171	211280	2001
Small Planes	Small Planes	dance pop	['The Innocence Mission']	298K	4M	130	271787	2001
I Have Loved You	Small Planes	dance pop	['The Innocence Mission']	116K	11M	123	189413	2001
Mari	Martin Rev	dance pop	['Martin Rev']	678K	11M	143	265560	2002
Baby Oh Baby	Martin Rev	dance pop	['Martin Rev']	896K	11M	143	287960	2002
Nineteen 86	Martin Rev	tropical house	['Martin Rev']	588K	9M	167	276173	2002
Temptation	Martin Rev	canadian contemporary r&b	['Martin Rev']	745K	11M	145	438533	2002
Jomo	Martin Rev	dance pop	['Martin Rev']	499K	9M	159	280893	2002
Asia	Martin Rev	dance pop	['Martin Rev']	529K	0M	110	240867	2002
Coal Train	Martin Rev	pop	['Martin Rev']	804K	11M	122	329253	2002
Marvel	Martin Rev	dance pop	['Martin Rev']	523K	3M	74	773027	2002
5 To 5	Martin Rev	dance pop	['Martin Rev']	635K	2M	82	123013	2002
Wes	Martin Rev	dance pop	['Martin Rev']	523K	10M	121	256493	2002
Daydreams	Martin Rev	canadian pop	['Martin Rev']	686K	9M	113	324013	2002
In the Bleak Mid-Winter	Holiday Songs And Lullabies	dance pop	['Shawn Colvin']	152K	10M	71	244333	1998
Christmas Time Is Here	Holiday Songs And Lullabies	australian dance	['Shawn Colvin']	107K	2M	76	157027	1998
Now The Day Is Over	Holiday Songs And Lullabies	dance pop	['Shawn Colvin']	104K	0M	87	107333	1998
Rocking	Holiday Songs And Lullabies	canadian pop	['Shawn Colvin']	75K	0M	96	152800	1998
Windy Nights	Holiday Songs And Lullabies	dance pop	['Shawn Colvin']	368K	0M	162	189867	1998
All Through The Night	Holiday Songs And Lullabies	british soul	['Shawn Colvin']	88K	4M	114	123400	1998
Love Came Down at Christmas	Holiday Songs And Lullabies	dance pop	['Shawn Colvin']	375K	0M	87	184307	1998
Silent Night	Holiday Songs And Lullabies	dance pop	['Shawn Colvin']	158K	4M	84	201800	1998
All The Pretty Li'l Horses	Holiday Songs And Lullabies	british soul	['Shawn Colvin']	37K	5M	76	103227	1998
Little Road To Bethlehem	Holiday Songs And Lullabies	canadian pop	['Shawn Colvin']	357K	1M	171	171640	1998
Seal Lullaby	Holiday Songs And Lullabies	art pop	['Shawn Colvin']	71K	2M	84	124667	1998
Evening Is A Little Boy / The Night Will Never Stay	Holiday Songs And Lullabies	dance pop	['Shawn Colvin']	427K	0M	180	188667	1998
The Christ Child's Lullaby	Holiday Songs And Lullabies	dance pop	['Shawn Colvin']	19K	2M	95	139000	1998
Close Your Eyes	Holiday Songs And Lullabies	dance pop	['Shawn Colvin']	36K	0M	92	98773	1998
Last Christmas	Last Christmas	neo mellow	['Lucy Dacus']	912K	1M	160	161812	2019
Psychosis	Psychosis	complextro	['Reflected Illusions']	908K	11M	120	234000	2007
Scrimdust	Psychosis	dance pop	['Reflected Illusions']	823K	10M	142	205000	2007
Outta My Mind	Psychosis	dance pop	['Reflected Illusions']	649K	10M	133	168000	2007
Glitch Station	Psychosis	dance pop	['Reflected Illusions']	946K	1M	133	211507	2007
Infected	Psychosis	neo mellow	['Reflected Illusions']	772K	10M	142	206000	2007
Eve Of Destruction	Psychosis	dance pop	['Reflected Illusions']	975K	11M	160	182000	2007
Insomnia	Psychosis	canadian pop	['Reflected Illusions']	567K	11M	133	186000	2007
Methamphetamine	Psychosis	dance pop	['Reflected Illusions']	706K	11M	120	184000	2007
Polaroids	Fat City	dance pop	['Shawn Colvin']	284K	6M	171	351560	1992
Tennessee	Fat City	folk-pop	['Shawn Colvin']	707K	7M	127	260560	1992
Tenderness On The Block	Fat City	dance pop	['Shawn Colvin']	494K	5M	98	304560	1992
Round Of Blues	Fat City	dance pop	['Shawn Colvin']	542K	6M	133	284307	1992
Monopoly	Fat City	dance pop	['Shawn Colvin']	49K	3M	81	264200	1992
Orion In The Sky	Fat City	latin	['Shawn Colvin']	371K	2M	53	398067	1992
Climb On (A Back That's Strong)	Fat City	canadian latin	['Shawn Colvin']	619K	8M	107	255973	1992
Set The Prairie On Fire	Fat City	british soul	['Shawn Colvin']	245K	6M	86	418467	1992
Object Of My Affection	Fat City	pop	['Shawn Colvin']	481K	11M	93	230173	1992
Kill The Messenger	Fat City	electropop	['Shawn Colvin']	319K	5M	93	276467	1992
I Don't Know Why	Fat City	canadian contemporary r&b	['Shawn Colvin']	253K	4M	147	278293	1992
Still Disappointed	Still Disappointed	canadian pop	['Stormzy']	674K	1M	140	165027	2020
Why Not Me	Greatest Hits	pop	['The Judds']	667K	10M	126	211267	1988
Rockin' With The Rhythm Of The Rain	Greatest Hits	electronic trap	['The Judds']	475K	0M	143	161333	1988
Mama He's Crazy	Greatest Hits	canadian contemporary r&b	['The Judds']	398K	7M	96	194760	1988
Give A Little Love	Greatest Hits	canadian pop	['The Judds']	498K	0M	91	231467	1988
Grandpa (Tell Me 'Bout The Good Old Days)	Greatest Hits	dance pop	['The Judds']	239K	4M	202	258333	1988
Girls Night Out	Greatest Hits	complextro	['The Judds']	638K	11M	187	174733	1988
Change Of Heart	Greatest Hits	edm	['The Judds']	166K	10M	81	213467	1988
Have Mercy	Greatest Hits	dance pop	['The Judds']	660K	2M	123	203733	1988
Cry Myself To Sleep	Greatest Hits	electropop	['The Judds']	223K	11M	115	224440	1988
Love Is Alive	Greatest Hits	dance pop	['The Judds']	381K	4M	86	238507	1988
Two Girls (One for Heaven and the Other One for Rome)	Pickpocket's Locket	dance pop	['Frog Eyes']	505K	0M	137	181400	2015
Joe with the Jam	Pickpocket's Locket	dance pop	['Frog Eyes']	488K	7M	114	277333	2015
The Beat Is Down (Four Wretched Singers Beyond Any World That You Have Known)	Pickpocket's Locket	dance pop	['Frog Eyes']	502K	11M	100	197053	2015
Death's Ship	Pickpocket's Locket	dance pop	['Frog Eyes']	555K	11M	146	210027	2015
The Demon Runner	Pickpocket's Locket	latin	['Frog Eyes']	443K	2M	113	253107	2015
Rejoinders in a Storm	Pickpocket's Locket	australian dance	['Frog Eyes']	542K	10M	138	245267	2015
In a Hut	Pickpocket's Locket	big room	['Frog Eyes']	439K	2M	120	174480	2015
Crystal Blip	Pickpocket's Locket	electropop	['Frog Eyes']	550K	2M	121	261813	2015
I Ain't Around Much	Pickpocket's Locket	dance pop	['Frog Eyes']	391K	2M	79	253653	2015
Rip Down the Fences That Fence the Garden	Pickpocket's Locket	dance pop	['Frog Eyes']	481K	3M	151	319067	2015
Western Man	El Rauncho Grundge	dance pop	['Too Slim and the Taildraggers']	937K	8M	152	277360	1992
Bone Of Contention	El Rauncho Grundge	dance pop	['Too Slim and the Taildraggers']	748K	11M	105	292373	1992
Shake 'Em On Down	El Rauncho Grundge	dance pop	['Too Slim and the Taildraggers']	968K	8M	126	318027	1992
Sick And Tired Of Being Sick And Tired	El Rauncho Grundge	pop	['Too Slim and the Taildraggers']	674K	8M	182	393640	1992
El Rauncho Grundge'	El Rauncho Grundge	art pop	['Too Slim and the Taildraggers']	978K	11M	132	289533	1992
If You Aint' Rockin You Aint Livin	El Rauncho Grundge	boy band	['Too Slim and the Taildraggers']	929K	11M	144	217160	1992
Lowdown Hoedown	El Rauncho Grundge	british soul	['Too Slim and the Taildraggers']	873K	3M	109	304107	1992
Good Love Charm	El Rauncho Grundge	edm	['Too Slim and the Taildraggers']	948K	5M	160	196560	1992
These Boots Are Made For Walking	El Rauncho Grundge	dance pop	['Too Slim and the Taildraggers']	768K	3M	111	324133	1992
Sonic Boom	El Rauncho Grundge	canadian contemporary r&b	['Too Slim and the Taildraggers']	915K	6M	144	176040	1992
Sheriff Fatman	Sessions	pop	['Carter The Unstoppable Sex Machine']	942K	7M	120	286733	1998
Prince in a Paupers Grave	Sessions	dance pop	['Carter The Unstoppable Sex Machine']	293K	9M	125	259467	1998
Sealed with a Glasgow Kiss	Sessions	electro house	['Carter The Unstoppable Sex Machine']	996K	4M	142	127693	1998
A Sheltered Life	Sessions	dance pop	['Carter The Unstoppable Sex Machine']	966K	11M	101	254840	1998
Alternative Alf Garnett	Sessions	pop	['Carter The Unstoppable Sex Machine']	955K	9M	129	177533	1998
Re Educate Rita	Sessions	dance pop	['Carter The Unstoppable Sex Machine']	939K	9M	134	122627	1998
Commercial Flipping Suicide	Sessions	canadian pop	['Carter The Unstoppable Sex Machine']	895K	9M	88	253840	1998
Granny Farming in the Uk	Sessions	dance pop	['Carter The Unstoppable Sex Machine']	552K	9M	129	254733	1998
Johnny Cash	Sessions	dance pop	['Carter The Unstoppable Sex Machine']	332K	9M	108	266787	1998
Nowhere Fast	Sessions	art pop	['Carter The Unstoppable Sex Machine']	289K	0M	118	202613	1998
Girls Can Keep a Secret	Sessions	complextro	['Carter The Unstoppable Sex Machine']	380K	0M	108	246133	1998
Disillusion	Disillusion	dance pop	['Badly Drawn Boy']	765K	7M	107	319293	2000
Disillusion - Blue States Mix	Disillusion	dance pop	"['Badly Drawn Boy', 'Blue States']"	762K	5M	88	182867	2000
Disillusion - Black Lodge Mix	Disillusion	dance pop	"['Badly Drawn Boy', 'Black Lodge']"	905K	2M	154	131840	2000
You Were Right	You Were Right	dance pop	['Badly Drawn Boy']	792K	2M	131	292173	2002
Last Fruit	You Were Right	belgian edm	['Badly Drawn Boy']	194K	2M	154	259600	2002
You Were Right - Live From Glastonbury 2002	You Were Right	dance pop	['Badly Drawn Boy']	560K	2M	134	333627	2002
Magical Forest	Shooting Star	dance pop	['Reflected Illusions']	253K	2M	140	514286	2011
Erowid Kid	Shooting Star	dance pop	['Reflected Illusions']	487K	4M	180	458667	2011
Outside Looking in	Shooting Star	downtempo	['Reflected Illusions']	334K	10M	100	350400	2011
Disoriented	Shooting Star	dance pop	['Reflected Illusions']	234K	3M	199	432000	2011
The Long Journey	Shooting Star	big room	['Reflected Illusions']	474K	5M	90	424000	2011
